"","address","latitude","longitude"
"0","Antwerp Belgium",51.2211097,4.3997081
"1","Wrocław Poland",51.1089776,17.0326689
"2","Lyon France",45.7578137,4.8320114
"3","Jiaxing China",30.7474425,120.7510971
"4","Dortmund Germany",51.5142273,7.4652789
"5","Poznan Poland",52.4082663,16.9335199
"6","Detroit United States",42.3315509,-83.0466403
"7","Shanghai China",31.2323437,121.4691024
"8","Miaoli Taiwan",24.5647667,120.8205167
"9","Hamburg Germany",53.550341,10.000654
"10","München Germany",48.1371079,11.5753822
"11","Halle Germany",51.4825041,11.9705452
"12","Essen Germany",51.4582235,7.0158171
"13","Hamburg Sankt Pauli Germany",53.5456924,9.9700895
"14","Wuppertal Germany",51.264018,7.1780374
"15","Dresden Germany",51.0493286,13.7381437
"16","Ninove Belgium",50.8214549,4.0037422031066825
"17","Dresden Germany",51.0493286,13.7381437
"18","Köln Germany",50.938361,6.959974
"19","Hamburg Germany",53.550341,10.000654
"20","München Germany",48.1371079,11.5753822
"21","Cottbus Germany",51.7567447,14.3357307
"22","Freiburg im Breisgau Germany",47.9960901,7.8494005
"23","Hamburg Sankt Pauli Germany",53.5456924,9.9700895
"24","Hannover Germany",52.3744779,9.7385532
"25","Namur Belgium",50.4665284,4.8661892
"26","München Germany",48.1371079,11.5753822
"27","Lübeck Germany",53.866444,10.684738
"28","Kassel Germany",51.3154546,9.4924096
"29","Hannover Germany",52.3744779,9.7385532
"30","Stuttgart Germany",48.7784485,9.1800132
"31","Bouillon Belgium",49.7949836,5.0672528
"32","Frankfurt am Main Germany",50.1106444,8.6820917
"33","Halle Germany",51.4825041,11.9705452
"34","Münster Germany",51.9625101,7.6251879
"35","Frankfurt am Main Germany",50.1106444,8.6820917
"36","Neuss Germany",51.1981778,6.6916476
"37","Stuttgart Germany",48.7784485,9.1800132
"38","Halle Germany",51.4825041,11.9705452
"39","Hamburg Harvestehude Germany",53.5771275,9.976742
"40","München Germany",48.1371079,11.5753822
"41","München Germany",48.1371079,11.5753822
"42","Charleroi Belgium",50.4116233,4.444528
"43","Kiel Germany",54.3227085,10.135555
"44","Dillenburg Germany",50.7404535,8.2874957
"45","Péruwelz Belgium",50.53332105,3.5636806619041073
"46","Düsseldorf Germany",51.2254018,6.7763137
"47","Heilbronn Germany",49.142291,9.218655
"48","Berlin Germany",52.5170365,13.3888599
"49","Köln Germany",50.938361,6.959974
"50","Berlin Germany",52.5170365,13.3888599
"51","Hamburg Germany",53.550341,10.000654
"52","Augsburg Germany",48.3690341,10.8979522
"53","Chemnitz Germany",50.8323531,12.918914
"54","Wetzlar Germany",50.5525346,8.5074406
"55","Hamburg Germany",53.550341,10.000654
"56","Ludwigshafen am Rhein Germany",49.4704113,8.4381568
"57","Bruxelles Belgium",50.8465573,4.351697
"58","Antwerpen Belgium",51.2211097,4.3997081
"59","Mülheim an der Ruhr Germany",51.4272925,6.8829192
"60","Lübeck Germany",53.866444,10.684738
"61","Hamburg Bramfeld Germany",53.603467949999995,10.075071808101228
"62","Witzenhausen Germany",51.3331901,9.8434192
"63","Bremen Germany",53.0758196,8.8071646
"64","Köln Germany",50.938361,6.959974
"65","Magdeburg Germany",52.1315889,11.6399609
"66","Hamburg Bramfeld Germany",53.603467949999995,10.075071808101228
"67","Halle Germany",51.4825041,11.9705452
"68","Hamburg Germany",53.550341,10.000654
"69","Berlin Germany",52.5170365,13.3888599
"70","Berlin Germany",52.5170365,13.3888599
"71","Berlin Germany",52.5170365,13.3888599
"72","Mons Belgium",50.4549568,3.951958
"73","München Germany",48.1371079,11.5753822
"74","Dortmund Germany",51.5142273,7.4652789
"75","Bremen Germany",53.0758196,8.8071646
"76","Köln Germany",50.938361,6.959974
"77","Dortmund Germany",51.5142273,7.4652789
"78","Berlin Germany",52.5170365,13.3888599
"79","Stuttgart Germany",48.7784485,9.1800132
"80","Wiesbaden Germany",50.0820384,8.2416556
"81","Berlin Germany",52.5170365,13.3888599
"82","Berlin Germany",52.5170365,13.3888599
"83","Bielefeld Germany",52.0191005,8.531007
"84","Hanau Germany",50.132881,8.9169797
"85","Hannover Germany",52.3744779,9.7385532
"86","Bouillon Belgium",49.7949836,5.0672528
"87","Frankfurt am Main Germany",50.1106444,8.6820917
"88","Berlin Germany",52.5170365,13.3888599
"89","Stuttgart Stuttgart-Mitte Germany",48.7856099,9.1833959
"90","Hamburg Winterhude Germany",53.60272475,10.002062235896307
"91","Essen Germany",51.4582235,7.0158171
"92","Solingen Germany",51.1721629,7.0845893
"93","Augsburg Germany",48.3690341,10.8979522
"94","Bruxelles Belgium",50.8465573,4.351697
"95","Dortmund Germany",51.5142273,7.4652789
"96","Hamburg Germany",53.550341,10.000654
"97","Wuppertal Germany",51.264018,7.1780374
"98","Mülheim an der Ruhr Germany",51.4272925,6.8829192
"99","Berlin Germany",52.5170365,13.3888599
"100","Wiesbaden Germany",50.0820384,8.2416556
"101","Berlin Germany",52.5170365,13.3888599
"102","Dresden Germany",51.0493286,13.7381437
"103","Hamburg Germany",53.550341,10.000654
"104","Hannover Germany",52.3744779,9.7385532
"105","Bruxelles Belgium",50.8465573,4.351697
"106","Heilbronn Germany",49.142291,9.218655
"107","Ninove Belgium",50.8214549,4.0037422031066825
"108","Gent Belgium",51.0538286,3.7250121
"109","Würzburg Germany",49.7933723,9.9309779
"110","Wiesbaden Germany",50.0820384,8.2416556
"111","Hamburg Sankt Pauli Germany",53.5456924,9.9700895
"112","Leipzig Germany",51.3406321,12.3747329
"113","Düsseldorf Germany",51.2254018,6.7763137
"114","Düsseldorf Germany",51.2254018,6.7763137
"115","Hamburg Germany",53.550341,10.000654
"116","Mons Belgium",50.4549568,3.951958
"117","Dresden Germany",51.0493286,13.7381437
"118","Hamburg Germany",53.550341,10.000654
"119","Düsseldorf Germany",51.2254018,6.7763137
"120","Frankfurt am Main Germany",50.1106444,8.6820917
"121","Stuttgart Germany",48.7784485,9.1800132
"122","Freiburg im Breisgau Germany",47.9960901,7.8494005
"123","Berlin Germany",52.5170365,13.3888599
"124","Remscheid Germany",51.1798706,7.1943544
"125","Wiesbaden Germany",50.0820384,8.2416556
"126","Nürnberg Germany",49.453872,11.077298
"127","Dortmund Germany",51.5142273,7.4652789
"128","Momignies Belgium",50.0087898,4.2142084834115705
"129","Hannover Germany",52.3744779,9.7385532
"130","München Germany",48.1371079,11.5753822
"131","Halle Germany",51.4825041,11.9705452
"132","Ninove Belgium",50.8214549,4.0037422031066825
"133","Hamburg Germany",53.550341,10.000654
"134","Wuppertal Germany",51.264018,7.1780374
"135","Gent Belgium",51.0538286,3.7250121
"136","München Germany",48.1371079,11.5753822
"137","Berlin Germany",52.5170365,13.3888599
"138","Dortmund Germany",51.5142273,7.4652789
"139","Freiburg im Breisgau Germany",47.9960901,7.8494005
"140","Münster Germany",51.9625101,7.6251879
"141","Braunschweig Germany",52.2646577,10.5236066
"142","Dortmund Germany",51.5142273,7.4652789
"143","Hamburg Bramfeld Germany",53.603467949999995,10.075071808101228
"144","Braunschweig Germany",52.2646577,10.5236066
"145","Chemnitz Germany",50.8323531,12.918914
"146","Péruwelz Belgium",50.53332105,3.5636806619041073
"147","Augsburg Germany",48.3690341,10.8979522
"148","Hamburg Sankt Pauli Germany",53.5456924,9.9700895
"149","Remscheid Germany",51.1798706,7.1943544
"150","Hamburg Germany",53.550341,10.000654
"151","Namur Belgium",50.4665284,4.8661892
"152","Dortmund Germany",51.5142273,7.4652789
"153","Berlin Germany",52.5170365,13.3888599
"154","Augsburg Germany",48.3690341,10.8979522
"155","Bouillon Belgium",49.7949836,5.0672528
"156","Hamburg Germany",53.550341,10.000654
"157","München Germany",48.1371079,11.5753822
"158","Würzburg Germany",49.7933723,9.9309779
"159","Bouillon Belgium",49.7949836,5.0672528
"160","Berlin Germany",52.5170365,13.3888599
"161","Wuppertal Germany",51.264018,7.1780374
"162","Dortmund Germany",51.5142273,7.4652789
"163","Münster Germany",51.9625101,7.6251879
"164","München Germany",48.1371079,11.5753822
"165","München Germany",48.1371079,11.5753822
"166","Gelsenkirchen Germany",51.5110321,7.0960124
"167","Berlin Germany",52.5170365,13.3888599
"168","Freiburg im Breisgau Germany",47.9960901,7.8494005
"169","Braunschweig Germany",52.2646577,10.5236066
"170","Tournai Belgium",50.6056458,3.3878179
"171","Offenbach Germany",50.1055002,8.7610698
"172","Berlin Germany",52.5170365,13.3888599
"173","Braunschweig Germany",52.2646577,10.5236066
"174","Hamburg Germany",53.550341,10.000654
"175","Düsseldorf Germany",51.2254018,6.7763137
"176","Köln Germany",50.938361,6.959974
"177","Köln Germany",50.938361,6.959974
"178","Dortmund Germany",51.5142273,7.4652789
"179","Nürnberg Germany",49.453872,11.077298
"180","Witzenhausen Germany",51.3331901,9.8434192
"181","Berlin Germany",52.5170365,13.3888599
"182","Bremerhaven Germany",53.5505392,8.5851945
"183","Frankfurt am Main Germany",50.1106444,8.6820917
"184","Hannover Germany",52.3744779,9.7385532
"185","München Germany",48.1371079,11.5753822
"186","Würzburg Germany",49.7933723,9.9309779
"187","Dortmund Germany",51.5142273,7.4652789
"188","Münster Germany",51.9625101,7.6251879
"189","Hamburg Germany",53.550341,10.000654
"190","Berlin Germany",52.5170365,13.3888599
"191","Dortmund Germany",51.5142273,7.4652789
"192","Antwerpen Belgium",51.2211097,4.3997081
"193","München Germany",48.1371079,11.5753822
"194","Bruxelles Belgium",50.8465573,4.351697
"195","Antwerpen Belgium",51.2211097,4.3997081
"196","Würzburg Germany",49.7933723,9.9309779
"197","Hamburg Germany",53.550341,10.000654
"198","Hannover Germany",52.3744779,9.7385532
"199","Ludwigshafen am Rhein Germany",49.4704113,8.4381568
"200","Tournai Belgium",50.6056458,3.3878179
"201","Offenbach Germany",50.1055002,8.7610698
"202","Bremen Germany",53.0758196,8.8071646
"203","Augsburg Germany",48.3690341,10.8979522
"204","Bremerhaven Germany",53.5505392,8.5851945
"205","Leipzig Germany",51.3406321,12.3747329
"206","Kiel Germany",54.3227085,10.135555
"207","Freiburg im Breisgau Germany",47.9960901,7.8494005
"208","Berlin Germany",52.5170365,13.3888599
"209","Antwerpen Belgium",51.2211097,4.3997081
"210","Hamburg Harvestehude Germany",53.5771275,9.976742
"211","Namur Belgium",50.4665284,4.8661892
"212","Nürnberg Germany",49.453872,11.077298
"213","München Germany",48.1371079,11.5753822
"214","München Germany",48.1371079,11.5753822
"215","Stuttgart Germany",48.7784485,9.1800132
"216","Berlin Germany",52.5170365,13.3888599
"217","Würzburg Germany",49.7933723,9.9309779
"218","Momignies Belgium",50.0087898,4.2142084834115705
"219","Heilbronn Germany",49.142291,9.218655
"220","Köln Germany",50.938361,6.959974
"221","München Germany",48.1371079,11.5753822
"222","Péruwelz Belgium",50.53332105,3.5636806619041073
"223","Köln Germany",50.938361,6.959974
"224","Hannover Germany",52.3744779,9.7385532
"225","Berlin Germany",52.5170365,13.3888599
"226","Hamburg Germany",53.550341,10.000654
"227","Berlin Germany",52.5170365,13.3888599
"228","Kiel Germany",54.3227085,10.135555
"229","Tournai Belgium",50.6056458,3.3878179
"230","Solingen Germany",51.1721629,7.0845893
"231","Hannover Germany",52.3744779,9.7385532
"232","Frankfurt am Main Germany",50.1106444,8.6820917
"233","Nürnberg Germany",49.453872,11.077298
"234","Hamburg Sankt Pauli Germany",53.5456924,9.9700895
"235","Hamburg Germany",53.550341,10.000654
"236","Bruxelles Belgium",50.8465573,4.351697
"237","Leipzig Germany",51.3406321,12.3747329
"238","Hamburg Germany",53.550341,10.000654
"239","Münster Germany",51.9625101,7.6251879
"240","Wuppertal Germany",51.264018,7.1780374
"241","Stuttgart Germany",48.7784485,9.1800132
"242","Gent Belgium",51.0538286,3.7250121
"243","Stuttgart Germany",48.7784485,9.1800132
"244","Ninove Belgium",50.8214549,4.0037422031066825
"245","Berlin Germany",52.5170365,13.3888599
"246","Wetzlar Germany",50.5525346,8.5074406
"247","Péruwelz Belgium",50.53332105,3.5636806619041073
"248","Ludwigshafen am Rhein Germany",49.4704113,8.4381568
"249","Duisburg Germany",51.434999,6.759562
"250","Offenbach Germany",50.1055002,8.7610698
"251","Hamburg Harvestehude Germany",53.5771275,9.976742
"252","Bochum Germany",51.4818111,7.2196635
"253","Essen Germany",51.4582235,7.0158171
"254","Hamburg Germany",53.550341,10.000654
"255","Hamburg Bramfeld Germany",53.603467949999995,10.075071808101228
"256","Frankfurt am Main Germany",50.1106444,8.6820917
"257","Stuttgart Germany",48.7784485,9.1800132
"258","Nürnberg Germany",49.453872,11.077298
"259","Dresden Germany",51.0493286,13.7381437
"260","Essen Germany",51.4582235,7.0158171
"261","Hamburg Germany",53.550341,10.000654
"262","Tournai Belgium",50.6056458,3.3878179
"263","Bouillon Belgium",49.7949836,5.0672528
"264","Neuss Germany",51.1981778,6.6916476
"265","Osnabrück Germany",52.2719595,8.047635
"266","Hamburg Germany",53.550341,10.000654
"267","Frankfurt am Main Germany",50.1106444,8.6820917
"268","Charleroi Belgium",50.4116233,4.444528
"269","Antwerpen Belgium",51.2211097,4.3997081
"270","Bremen Germany",53.0758196,8.8071646
"271","Stuttgart Germany",48.7784485,9.1800132
"272","Berlin Germany",52.5170365,13.3888599
"273","Hamburg Harvestehude Germany",53.5771275,9.976742
"274","Bouillon Belgium",49.7949836,5.0672528
"275","München Germany",48.1371079,11.5753822
"276","Dortmund Germany",51.5142273,7.4652789
"277","Hanau Germany",50.132881,8.9169797
"278","Frankfurt am Main Germany",50.1106444,8.6820917
"279","Hannover Germany",52.3744779,9.7385532
"280","Péruwelz Belgium",50.53332105,3.5636806619041073
"281","Leipzig Germany",51.3406321,12.3747329
"282","Remscheid Germany",51.1798706,7.1943544
"283","Hamburg Germany",53.550341,10.000654
"284","Freiburg im Breisgau Germany",47.9960901,7.8494005
"285","Bremerhaven Germany",53.5505392,8.5851945
"286","Hamburg Germany",53.550341,10.000654
"287","Mannheim Germany",49.4892913,8.4673098
"288","Leipzig Germany",51.3406321,12.3747329
"289","Essen Germany",51.4582235,7.0158171
"290","Kiel Germany",54.3227085,10.135555
"291","Hamburg Germany",53.550341,10.000654
"292","Hamburg Germany",53.550341,10.000654
"293","Kassel Germany",51.3154546,9.4924096
"294","Hanau Germany",50.132881,8.9169797
"295","Augsburg Germany",48.3690341,10.8979522
"296","Braunschweig Germany",52.2646577,10.5236066
"297","Bremen Germany",53.0758196,8.8071646
"298","Osnabrück Germany",52.2719595,8.047635
"299","Hamburg Germany",53.550341,10.000654
"300","Wuppertal Germany",51.264018,7.1780374
"301","Bremen Germany",53.0758196,8.8071646
"302","Berlin Germany",52.5170365,13.3888599
"303","Leipzig Germany",51.3406321,12.3747329
"304","Bremen Germany",53.0758196,8.8071646
"305","Offenbach Germany",50.1055002,8.7610698
"306","Berlin Germany",52.5170365,13.3888599
"307","Mainz Germany",50.0012314,8.2762513
"308","Bruxelles Belgium",50.8465573,4.351697
"309","Hamburg Germany",53.550341,10.000654
"310","Heilbronn Germany",49.142291,9.218655
"311","Berlin Germany",52.5170365,13.3888599
"312","Mönchengladbach Germany",51.1947131,6.4353792
"313","Ath Belgium",50.6311349,3.7769485
"314","Berlin Germany",52.5170365,13.3888599
"315","Nürnberg Germany",49.453872,11.077298
"316","Berlin Germany",52.5170365,13.3888599
"317","Bruxelles Belgium",50.8465573,4.351697
"318","Berlin Germany",52.5170365,13.3888599
"319","Köln Germany",50.938361,6.959974
"320","Wuppertal Germany",51.264018,7.1780374
"321","Duisburg Germany",51.434999,6.759562
"322","Dresden Germany",51.0493286,13.7381437
"323","Würzburg Germany",49.7933723,9.9309779
"324","Berlin Germany",52.5170365,13.3888599
"325","Hamburg Germany",53.550341,10.000654
"326","Wuppertal Germany",51.264018,7.1780374
"327","Berlin Germany",52.5170365,13.3888599
"328","Wiesbaden Germany",50.0820384,8.2416556
"329","Momignies Belgium",50.0087898,4.2142084834115705
"330","Würzburg Germany",49.7933723,9.9309779
"331","Berlin Germany",52.5170365,13.3888599
"332","Mainz Germany",50.0012314,8.2762513
"333","Aachen Germany",50.776351,6.083862
"334","Gelsenkirchen Germany",51.5110321,7.0960124
"335","Berlin Germany",52.5170365,13.3888599
"336","Nürnberg Germany",49.453872,11.077298
"337","Münster Germany",51.9625101,7.6251879
"338","Ath Belgium",50.6311349,3.7769485
"339","Remscheid Germany",51.1798706,7.1943544
"340","Kiel Germany",54.3227085,10.135555
"341","Hamburg Germany",53.550341,10.000654
"342","Hamburg Germany",53.550341,10.000654
"343","Berlin Germany",52.5170365,13.3888599
"344","Berlin Germany",52.5170365,13.3888599
"345","Aachen Germany",50.776351,6.083862
"346","Bouillon Belgium",49.7949836,5.0672528
"347","Stuttgart Germany",48.7784485,9.1800132
"348","Saarbrücken Germany",49.234362,6.996379
"349","Köln Germany",50.938361,6.959974
"350","Chemnitz Germany",50.8323531,12.918914
"351","Berlin Germany",52.5170365,13.3888599
"352","Kassel Germany",51.3154546,9.4924096
"353","Leipzig Germany",51.3406321,12.3747329
"354","Gent Belgium",51.0538286,3.7250121
"355","Berlin Germany",52.5170365,13.3888599
"356","Dortmund Germany",51.5142273,7.4652789
"357","Halle Germany",51.4825041,11.9705452
"358","München Germany",48.1371079,11.5753822
"359","Hamburg Winterhude Germany",53.60272475,10.002062235896307
"360","Mannheim Germany",49.4892913,8.4673098
"361","Berlin Germany",52.5170365,13.3888599
"362","Momignies Belgium",50.0087898,4.2142084834115705
"363","Berlin Germany",52.5170365,13.3888599
"364","Münster Germany",51.9625101,7.6251879
"365","Halle Germany",51.4825041,11.9705452
"366","Köln Germany",50.938361,6.959974
"367","Dresden Germany",51.0493286,13.7381437
"368","Düsseldorf Germany",51.2254018,6.7763137
"369","Ludwigshafen am Rhein Germany",49.4704113,8.4381568
"370","Tournai Belgium",50.6056458,3.3878179
"371","Hanau Germany",50.132881,8.9169797
"372","Dresden Germany",51.0493286,13.7381437
"373","Cottbus Germany",51.7567447,14.3357307
"374","Hamburg Sankt Pauli Germany",53.5456924,9.9700895
"375","Essen Germany",51.4582235,7.0158171
"376","Remscheid Germany",51.1798706,7.1943544
"377","Essen Germany",51.4582235,7.0158171
"378","Wuppertal Germany",51.264018,7.1780374
"379","Ath Belgium",50.6311349,3.7769485
"380","Bruxelles Belgium",50.8465573,4.351697
"381","Düsseldorf Germany",51.2254018,6.7763137
"382","Mons Belgium",50.4549568,3.951958
"383","Nürnberg Germany",49.453872,11.077298
"384","Leipzig Germany",51.3406321,12.3747329
"385","München Germany",48.1371079,11.5753822
"386","Wuppertal Germany",51.264018,7.1780374
"387","Wiesbaden Germany",50.0820384,8.2416556
"388","München Germany",48.1371079,11.5753822
"389","Köln Germany",50.938361,6.959974
"390","Mannheim Germany",49.4892913,8.4673098
"391","Hamburg Germany",53.550341,10.000654
"392","Köln Germany",50.938361,6.959974
"393","Berlin Germany",52.5170365,13.3888599
"394","Berlin Germany",52.5170365,13.3888599
"395","Duisburg Germany",51.434999,6.759562
"396","Augsburg Germany",48.3690341,10.8979522
"397","Aachen Germany",50.776351,6.083862
"398","Berlin Germany",52.5170365,13.3888599
"399","Essen Germany",51.4582235,7.0158171
"400","Hamburg Harvestehude Germany",53.5771275,9.976742
"401","Cottbus Germany",51.7567447,14.3357307
"402","Nürnberg Germany",49.453872,11.077298
"403","Hamburg Germany",53.550341,10.000654
"404","Dresden Germany",51.0493286,13.7381437
"405","Wuppertal Germany",51.264018,7.1780374
"406","Bielefeld Germany",52.0191005,8.531007
"407","Aachen Germany",50.776351,6.083862
"408","Charleroi Belgium",50.4116233,4.444528
"409","Berlin Germany",52.5170365,13.3888599
"410","Hannover Germany",52.3744779,9.7385532
"411","Berlin Germany",52.5170365,13.3888599
"412","Witzenhausen Germany",51.3331901,9.8434192
"413","Hamburg Sankt Pauli Germany",53.5456924,9.9700895
"414","Hamburg Germany",53.550341,10.000654
"415","Düsseldorf Germany",51.2254018,6.7763137
"416","Aachen Germany",50.776351,6.083862
"417","Mönchengladbach Germany",51.1947131,6.4353792
"418","Leipzig Germany",51.3406321,12.3747329
"419","Bruxelles Belgium",50.8465573,4.351697
"420","Düsseldorf Germany",51.2254018,6.7763137
"421","Rostock Germany",54.0886707,12.1400211
"422","Hannover Germany",52.3744779,9.7385532
"423","München Germany",48.1371079,11.5753822
"424","Bonn Germany",50.735851,7.10066
"425","Tournai Belgium",50.6056458,3.3878179
"426","Köln Germany",50.938361,6.959974
"427","Wiesbaden Germany",50.0820384,8.2416556
"428","Remscheid Germany",51.1798706,7.1943544
"429","Dortmund Germany",51.5142273,7.4652789
"430","Hamburg Germany",53.550341,10.000654
"431","Dortmund Germany",51.5142273,7.4652789
"432","Gelsenkirchen Germany",51.5110321,7.0960124
"433","Wuppertal Germany",51.264018,7.1780374
"434","Dresden Germany",51.0493286,13.7381437
"435","Rostock Germany",54.0886707,12.1400211
"436","Mainz Germany",50.0012314,8.2762513
"437","München Germany",48.1371079,11.5753822
"438","Hamburg Germany",53.550341,10.000654
"439","Halle Germany",51.4825041,11.9705452
"440","Würzburg Germany",49.7933723,9.9309779
"441","Heilbronn Germany",49.142291,9.218655
"442","Kassel Germany",51.3154546,9.4924096
"443","Kiel Germany",54.3227085,10.135555
"444","Péruwelz Belgium",50.53332105,3.5636806619041073
"445","München Germany",48.1371079,11.5753822
"446","Wuppertal Germany",51.264018,7.1780374
"447","Hamburg Winterhude Germany",53.60272475,10.002062235896307
"448","Namur Belgium",50.4665284,4.8661892
"449","Nürnberg Germany",49.453872,11.077298
"450","Düsseldorf Germany",51.2254018,6.7763137
"451","Wuppertal Germany",51.264018,7.1780374
"452","Berlin Germany",52.5170365,13.3888599
"453","München Germany",48.1371079,11.5753822
"454","Lübeck Germany",53.866444,10.684738
"455","Halle Germany",51.4825041,11.9705452
"456","Berlin Germany",52.5170365,13.3888599
"457","Frankfurt am Main Germany",50.1106444,8.6820917
"458","Dresden Germany",51.0493286,13.7381437
"459","Würzburg Germany",49.7933723,9.9309779
"460","Hamburg Harvestehude Germany",53.5771275,9.976742
"461","Chemnitz Germany",50.8323531,12.918914
"462","Augsburg Germany",48.3690341,10.8979522
"463","Bruxelles Belgium",50.8465573,4.351697
"464","Münster Germany",51.9625101,7.6251879
"465","Tournai Belgium",50.6056458,3.3878179
"466","Rostock Germany",54.0886707,12.1400211
"467","Hannover Germany",52.3744779,9.7385532
"468","Hamm Germany",51.6804093,7.815197
"469","Erfurt Germany",50.9777974,11.0287364
"470","Berlin Germany",52.5170365,13.3888599
"471","Tournai Belgium",50.6056458,3.3878179
"472","Antwerpen Belgium",51.2211097,4.3997081
"473","Ludwigshafen am Rhein Germany",49.4704113,8.4381568
"474","Wetzlar Germany",50.5525346,8.5074406
"475","Bouillon Belgium",49.7949836,5.0672528
"476","Momignies Belgium",50.0087898,4.2142084834115705
"477","Wetzlar Germany",50.5525346,8.5074406
"478","Leipzig Germany",51.3406321,12.3747329
"479","Düsseldorf Germany",51.2254018,6.7763137
"480","Hamburg Germany",53.550341,10.000654
"481","Mons Belgium",50.4549568,3.951958
"482","Berlin Germany",52.5170365,13.3888599
"483","Hamburg Sankt Pauli Germany",53.5456924,9.9700895
"484","Düsseldorf Germany",51.2254018,6.7763137
"485","Augsburg Germany",48.3690341,10.8979522
"486","Stuttgart Stuttgart-Mitte Germany",48.7856099,9.1833959
"487","Dillenburg Germany",50.7404535,8.2874957
"488","Bruxelles Belgium",50.8465573,4.351697
"489","Kiel Germany",54.3227085,10.135555
"490","Köln Germany",50.938361,6.959974
"491","Berlin Germany",52.5170365,13.3888599
"492","Tournai Belgium",50.6056458,3.3878179
"493","Osnabrück Germany",52.2719595,8.047635
"494","Hamburg Germany",53.550341,10.000654
"495","Heilbronn Germany",49.142291,9.218655
"496","München Germany",48.1371079,11.5753822
"497","Hamburg Sankt Pauli Germany",53.5456924,9.9700895
"498","Hanau Germany",50.132881,8.9169797
"499","Toila Estonia",59.42096485,27.51543959072337
"500","Bressuire France",46.8425572,-0.4929017
"501","Luleå Sweden",65.5831187,22.1459535
"502","Żurowa Poland",49.7161111,19.9675
"503","Dobra Poland",51.9161774,18.6159693
"504","Marseille France",43.2961743,5.3699525
"505","Larvik Norway",59.0967308,10.021929959972812
"506","Örebro Sweden",59.2747287,15.2151181
"507","Jablonec nad Nisou Czech Republic",50.7240899,15.1710958
"508","Liběšice Czech Republic",50.5688586,14.2890639
"509","Mesopotamía Greece",40.5051432,21.1574722
"510","Hoorn Netherlands",52.622545450000004,5.067726588147824
"511","Dębowa Łąka Poland",53.2569001,19.0938907
"512","Simrishamn Sweden",55.566667,14.3
"513","Agrínio Greece",38.6248275,21.4094206
"514","Täby Sweden",59.4670482,18.0658494
"515","Stari Grad Croatia",43.184144,16.5990028
"516","Telsiai Lithuania",55.9846135,22.2490753
"517","Morávka Czech Republic",49.5960703,18.5247134
"518","Norberg Sweden",60.0864052,15.9533232
"519","Skurup Sweden",55.4815088,13.554477
"520","Falkenberg Sweden",56.904894,12.4912926
"521","Grabica Poland",51.4791649,19.5323329
"522","Grenoble France",45.1875602,5.7357819
"523","Gävle Sweden",60.6750132,17.1467019
"524","Põlva Estonia",58.0536163,27.0582568
"525","Saint-Laurent-Blangy France",50.2993922,2.8016229
"526","Leppävirta Finland",62.4894313,27.7860813
"527","Paris 16 France",48.8588897,2.3200410217200766
"528","Komiža Croatia",43.044573,16.090491
"529","Roma Italy",41.8933203,12.4829321
"530","Fálanna Greece",35.2747059,24.5035636
"531","Horvati Croatia",45.3658443,15.6575209
"532","Utrecht (stad) Netherlands",52.1592134,5.3799549
"533","Hankasalmi Finland",62.3905202,26.4397473
"534","Žrnovnica Croatia",43.5198164,16.5485466
"535","Ulricehamn Sweden",57.8,13.383333
"536","Bagneux France",49.458056,3.279444
"537","Teplice Czech Republic",50.6406644,13.8244461
"538","Lille France",50.6365654,3.0635282
"539","Bar-le-Duc France",48.7712673,5.1623805
"540","Torsås Sweden",56.416667,15.833333
"541","Mora Sweden",61.0086787,14.5442519
"542","Boulogne-Billancourt France",48.8356649,2.240206
"543","Lyon France",45.7578137,4.8320114
"544","Garbów Poland",52.1582089,19.5852566
"545","Thionville France",49.3579272,6.1675872
"546","Kramarzówka Poland",49.8659983,22.5126944
"547","Osby Sweden",56.416667,14.083333
"548","Amiens France",49.8941708,2.2956951
"549","Tučepi Croatia",43.2651336,17.0580946
"550","Chambéry France",45.5662672,5.9203636
"551","Vagney France",48.0091314,6.7172863
"552","Levallois-Perret France",48.892956,2.2881683
"553","Ożarowice Poland",50.4638913,19.042814
"554","Halinów Poland",52.3581586,19.4706484
"555","Krasnystaw Poland",50.99184805,23.165038002215837
"556","Forssa Finland",60.8155736,23.629833
"557","Montesson France",48.9076421,2.1492681
"558","Huddinge Sweden",59.2293827,17.9748815
"559","Paris 15 France",48.8366762,2.2960133
"560","Sala Sweden",59.966667,16.6
"561","Dobje pri Planini Slovenia",46.1376103,15.3934311
"562","Eger Hungary",47.8989887,20.3743665
"563","Oslo Norway",59.9133301,10.7389701
"564","Linköping Sweden",58.4098135,15.6245252
"565","La Ravoire France",45.5586324,5.9643319
"566","Načeradec Czech Republic",49.6103317,14.9060072
"567","Tournon-sur-Rhône France",45.0675156,4.832852
"568","Mílos Greece",36.70934405,24.506833813253667
"569","Nacka Sweden",59.3120997,18.2073591
"570","Wintzenheim France",48.0724515,7.2925545
"571","Mirotice Czech Republic",49.4290263,14.0368614
"572","Spytkowice Poland",49.994979,19.5087999
"573","Pau France",43.2957547,-0.3685668
"574","Redon France",47.6510682,-2.0842143
"575","Vilémov Czech Republic",49.5350646,15.3835931
"576","Lovrenc na Pohorju Slovenia",46.5413597,15.3885739
"577","Trzebnica Poland",51.3096424,17.062596
"578","Falkenberg Sweden",56.904894,12.4912926
"579","Ylitornio Finland",66.3164258,23.6712997
"580","Léchovo Greece",40.5845405,21.4920808
"581","Limoges France",45.8354243,1.2644847
"582","Chřibská Czech Republic",50.863242,14.48297
"583","Szeged Hungary",46.2546312,20.1486016
"584","Ráječko Czech Republic",49.3939012,16.6438712
"585","Lammi Finland",61.0786178,25.0099373
"586","Höganäs Sweden",56.2,12.566667
"587","Croix France",50.6802124,3.1564365
"588","Laslovo Croatia",45.4139349,18.6970528
"589","Praszka Poland",51.05536,18.4485221
"590","Níkaia Greece",37.9682435,23.6490822
"591","Klatovy Czech Republic",49.3951183,13.2935954
"592","Załuski Poland",51.785136,20.6484454
"593","Ágios Vasíleios Greece",35.18690775,24.50320825362639
"594","Paris 08 France",48.8588897,2.3200410217200766
"595","Töysä Finland",62.6294855,23.847998609133647
"596","Pawonków Poland",50.69491,18.5823
"597","Staré Město Czech Republic",49.7941105,16.6749202
"598","Šventoji Lithuania",55.5088232,25.0735286
"599","Tworków Poland",50.0067186,18.2356817
"600","Arras France",50.291048,2.7772211
"601","Stanisław Górny Poland",49.9108112,19.6303295
"602","Drezdenko Poland",52.8398486,15.8318163
"603","Stockholm Sweden",59.3251172,18.0710935
"604","Örebro Sweden",59.2747287,15.2151181
"605","Pecka Czech Republic",50.4843879,15.59894210636082
"606","Langley United Kingdom",51.507818,-0.5409049
"607","København Denmark",55.6867243,12.5700724
"608","Juvisy-sur-Orge France",48.6904063,2.373809
"609","Sillamäe Estonia",59.4034594,27.729193909271594
"610","Baranowo Poland",52.2135664,16.9218226
"611","Rajsko Poland",49.9889434,19.9687942
"612","Paris 13 France",48.8196076,2.3644444
"613","Périgueux France",45.1909365,0.7184407
"614","Newton United Kingdom",52.0322303,0.7943311
"615","Solna Sweden",59.361367,18.0013693
"616","Montceau-les-Mines France",46.6740455,4.3631681
"617","Vikbolandet Sweden",60.1539018,16.8172768
"618","Massy France",49.6902106,1.399492
"619","Třemošnice Czech Republic",49.8693093,15.5803962
"620","Karlovy Vary Czech Republic",50.2306216,12.8701437
"621","Chvalšiny Czech Republic",48.8540143,14.2111405
"622","Paris 09 France",48.8588897,2.3200410217200766
"623","Velká Polom Czech Republic",49.8641818,18.0938867
"624","Arras France",50.291048,2.7772211
"625","Kinna Sweden",57.5080076,12.6970568
"626","Ystad Sweden",55.4295203,13.8201171
"627","Studenec Czech Republic",49.2003129,16.0647906
"628","Sindi Estonia",58.40007255,24.654599119446672
"629","Grenoble France",45.1875602,5.7357819
"630","Tidaholm Sweden",58.2,13.933333
"631","Samothráki Greece",40.4511544,25.585657246305097
"632","Souflí Greece",41.1941684,26.302313
"633","Enköping Sweden",59.6356115,17.077856
"634","Luhanka Finland",61.797009,25.7046425
"635","Carquefou France",47.2971979,-1.4921233
"636","Makrychóri Greece",39.8038097,22.4916561
"637","Quimperlé France",47.8692882,-3.5505644
"638","Toulon France",43.1257311,5.9304919
"639","Štítina Czech Republic",49.9148086,18.0125993
"640","Järfälla Sweden",59.4204736,17.8285472
"641","Dieppe France",49.9246182,1.0791444
"642","Bromölla Sweden",56.116667,14.55
"643","Niort France",46.3239233,-0.4646064
"644","Lille France",50.6365654,3.0635282
"645","Perstorp Sweden",56.2,13.366667
"646","Orsay France",48.699184,2.187457
"647","Fontenay-sous-Bois France",48.8490721,2.4749347
"648","Szombathely Hungary",47.2291184,16.6187625
"649","Zamora Spain",41.6857693,-5.942315044623113
"650","Tlumačov Czech Republic",49.2537152,17.495883
"651","Borås Sweden",57.7210839,12.9407407
"652","Lappeenranta Finland",61.0583713,28.1862742
"653","Ljungskile Sweden",58.2246504,11.9198287
"654","Pécs Hungary",46.0765092,18.2280317
"655","Velké Losiny Czech Republic",50.0315957,17.039832
"656","Göteborg Sweden",57.7072326,11.9670171
"657","Valence France",44.9332277,4.8920811
"658","Dolní Černilov Czech Republic",50.2605357,15.9600591
"659","Terezín Czech Republic",50.510716,14.149717
"660","Féres Greece",40.8941905,26.1740708
"661","Hodošan Croatia",46.3951964,16.6391391
"662","Bègles France",44.8074559,-0.5488542
"663","Remiremont France",48.0158951,6.5912615
"664","Sidirókastro Greece",41.2346699,23.38972
"665","Piteå Sweden",65.3134652,21.4900252
"666","Nová Paka Czech Republic",50.4947616,15.5149801
"667","Hollola Finland",60.9882542,25.5152983
"668","Castelsarrasin France",44.0395151,1.1072875
"669","Karlskoga Sweden",59.3291667,14.5176911
"670","Tlumačov Czech Republic",49.2537152,17.495883
"671","Trondheim Norway",63.4304475,10.3952118
"672","Le Puy-en-Velay France",45.0459739,3.8855537
"673","Sundsvall Sweden",62.3907552,17.3071024
"674","Bagnolet France",48.8688199,2.4173658
"675","Norton United Kingdom",52.2674662,-1.1247403
"676","Malaga Spain",36.7213028,-4.4216366
"677","Teplice Czech Republic",50.6406644,13.8244461
"678","Chropyně Czech Republic",49.3567094,17.3644698
"679","Hvar Croatia",43.17389195,16.55652349457852
"680","Storvik Sweden",60.5853441,16.5350335
"681","Trollhättan Sweden",58.2827931,12.2908612
"682","Villefranche-sur-Mer France",43.7042317,7.309969
"683","Kävlinge Sweden",55.7795769,13.0337618
"684","Beauvais France",49.4300997,2.0823355
"685","Arvika Sweden",59.766667,12.65
"686","Créteil France",48.7771486,2.4530731
"687","Lorient France",47.7477336,-3.3660907
"688","København Denmark",55.6867243,12.5700724
"689","Šenčur Slovenia",46.2431499,14.4191043
"690","Kajaani Finland",64.2240872,27.7334227
"691","Romans-sur-Isère France",45.0458886,5.0528681
"692","Bollstabruk Sweden",62.9971425,17.6757247
"693","Zátor Czech Republic",50.0537438,17.5802628
"694","Stockholm Sweden",59.3251172,18.0710935
"695","Pentaplátano Greece",40.8194803,22.4186247
"696","Zlonice Czech Republic",50.2874986,14.0921369
"697","Milano Italy",45.4627042,9.0953315
"698","Jelsa Croatia",43.1608097,16.6931431
"699","Bollnäs Sweden",61.3513005,16.3972013
"700","Valbo Sweden",60.6447772,17.0122765
"701","Roissy Charles-de-Gaulle France",49.0068908,2.5710819691019156
"702","Trondheim Norway",63.4304475,10.3952118
"703","Všetaty Czech Republic",50.0461099,13.7574078
"704","Néa Plágia Greece",40.2647455,23.2020512
"705","Grenoble France",45.1875602,5.7357819
"706","Puteaux France",48.8841522,2.2368863
"707","Solna Sweden",59.361367,18.0013693
"708","Saint-Lô France",49.1157004,-1.0906637
"709","Ayía Triás Greece",40.4843842,22.8521282
"710","Bílovec Czech Republic",49.7567664,18.01623
"711","Solna Sweden",59.361367,18.0013693
"712","Hrotovice Czech Republic",49.1076992,16.0606741
"713","Avesta Sweden",60.216667,16.333333
"714","Gospić Croatia",44.5464046,15.375421
"715","Caen France",49.1813403,-0.3635615
"716","Piteå Sweden",65.3134652,21.4900252
"717","Paris 14 France",48.8877747,2.3741352706975087
"718","Istres France",43.5139051,4.9884323
"719","Göteborg Sweden",57.7072326,11.9670171
"720","Slavkov u Brna Czech Republic",49.1535759,16.8763606
"721","Ed Sweden",58.9125825,11.9340137
"722","Sabadell Spain",41.5421013,2.1138977
"723","Pamplona/Iruña Spain",42.8181992,-1.6440089
"724","Ånge Sweden",62.4733988,15.64108973113128
"725","Imotski Croatia",43.4471115,17.2179703
"726","Vuzenica Slovenia",46.5978842,15.1657776
"727","Greda Croatia",46.2736523,16.2134866
"728","Hisings Kärra Sweden",57.7933441,11.9918406
"729","Uppsala Sweden",59.8586126,17.6387436
"730","Angers France",47.4739884,-0.5515588
"731","København Denmark",55.6867243,12.5700724
"732","Besançon France",47.2380222,6.0243622
"733","Amsterdam Netherlands",52.3730796,4.8924534
"734","Västervik Sweden",57.7594186,16.6385035
"735","Nevers France",46.9876601,3.1577203
"736","Stari Grad Croatia",43.184144,16.5990028
"737","Napoli Italy",40.8358846,14.2487679
"738","Kirkton United Kingdom",55.4167604,-2.7284814
"739","Nol Sweden",57.9173188,12.0657986
"740","Vítkov Czech Republic",49.7758144,17.7517864
"741","Černovice Czech Republic",49.3725903,14.9599829
"742","Cergy-Pontoise France",49.0527528,2.0388736
"743","Jakartovice Czech Republic",49.9150983,17.6840018
"744","Mokronog Slovenia",45.9426493,15.1446786
"745","Kuršėnai Lithuania",56.0039616,22.9325605
"746","Stockholm Sweden",59.3251172,18.0710935
"747","Zwolle Netherlands",52.5089759,6.0943765
"748","Toulouse France",43.6044622,1.4442469
"749","Vidče Czech Republic",49.4415129,18.0947261
"750","Kimméria Greece",41.146956,24.9347442
"751","Tuusniemi Finland",62.8129715,28.473989
"752","Saint-Brieuc France",48.5141134,-2.7603283
"753","Žlutice Czech Republic",50.0919193,13.1629708
"754","Lepoglava Croatia",46.2075318,16.0441744
"755","Toulouse France",43.6044622,1.4442469
"756","Klenčí pod Čerchovem Czech Republic",49.4350389,12.8143874
"757","Pentre United Kingdom",51.6553596,-3.4905245
"758","Skópelos Greece",39.14020475,23.681463611177293
"759","Falun Sweden",60.6070068,15.6323059
"760","Umeå Sweden",63.8256568,20.2630745
"761","Åhus Sweden",55.9235165,14.2955222
"762","Staré Město Czech Republic",49.7941105,16.6749202
"763","Marseille France",43.2961743,5.3699525
"764","København Denmark",55.6867243,12.5700724
"765","Tatabánya Hungary",47.583845,18.3979855
"766","Torino Italy",45.0677551,7.6824892
"767","Hluboká nad Vltavou Czech Republic",49.0522493,14.4342702
"768","Dob Slovenia",46.1510617,14.6259829
"769","Uddevalla Sweden",58.3490555,11.9382855
"770","Uničov Czech Republic",49.7711837,17.1213944
"771","Boxholm Sweden",58.166667,15.0
"772","Yvetot France",49.6179384,0.7538866
"773","Katovice Czech Republic",49.2736936,13.8297703
"774","Sudoměřice Czech Republic",48.8672287,17.2567615
"775","Pélla Greece",40.7541229,22.517832973183303
"776","Szeged Hungary",46.2546312,20.1486016
"777","Eslöv Sweden",55.85,13.316667
"778","Paris 13 France",48.8196076,2.3644444
"779","Trondheim Norway",63.4304475,10.3952118
"780","Karlskrona Sweden",56.1621073,15.5866422
"781","Klášter Czech Republic",49.5018647,13.5766282
"782","Paris 12 France",48.8588897,2.3200410217200766
"783","Trångsund Sweden",59.2278113,18.1303869
"784","Zásmuky Czech Republic",49.9549728,15.030204
"785","Göteborg Sweden",57.7072326,11.9670171
"786","Skinnskatteberg Sweden",59.816667,15.75
"787","Pórto Chéli Greece",37.3255674,23.1433406
"788","Åby Sweden",58.6621485,16.1759257
"789","Stochov Czech Republic",50.14635185,13.961422373898383
"790","Charenton-le-Pont France",48.8198479,2.4159508
"791","Stockholm Sweden",59.3251172,18.0710935
"792","Horní Lideč Czech Republic",49.1814895,18.0621791
"793","Pilníkov Czech Republic",50.5327407,15.8201467
"794","Köyliö Finland",61.1190832,22.3077749
"795","Buštěhrad Czech Republic",50.1558258,14.188817
"796","Ágios Spyrídon Greece",35.1126287,26.0816426
"797","Göteborg Sweden",57.7072326,11.9670171
"798","Briey France",49.2480975,5.9370519
"799","Issoire France",45.5432973,3.2502213
"800","Évosmos Greece",40.6712656,22.9161993
"801","Ludvika Sweden",60.2,14.833333
"802","Arkhaía Kórinthos Greece",37.906430,22.883930
"803","Stavanger Norway",58.9699675,5.7318101
"804","Bodø Norway",67.3094783,13.915441997137794
"805","Milano Italy",45.4627042,9.0953315
"806","Stord Norway",59.82502055,5.488370639966453
"807","Néa Plágia Greece",40.2647455,23.2020512
"808","Skála Greece",41.1214878,23.6006249
"809","Dýšina Czech Republic",49.7776678,13.4914023
"810","Marttila Finland",60.585109,22.898546
"811","Rokytnice nad Jizerou Czech Republic",50.7279915,15.4633503
"812","Oyonnax France",46.2575174,5.6556181
"813","Mirotice Czech Republic",49.4290263,14.0368614
"814","Loimaan Kunta Finland",60.7238356,22.585917
"815","Brive-la-Gaillarde France",45.1584982,1.5332389
"816","Le Teil France",44.5493789,4.6829629
"817","Sali Croatia",43.9381952,15.1633855
"818","Runović Croatia",43.3893681,17.2361262
"819","Chrysó Greece",41.0593808,23.6489698
"820","Emmen Netherlands",52.75286615,6.952513466208563
"821","Gävle Sweden",60.6750132,17.1467019
"822","Västerås Sweden",59.6110992,16.5463679
"823","Radnice Czech Republic",49.8571241,13.606275
"824","Montpellier France",43.6112422,3.8767337
"825","Vallentuna Sweden",59.583333,18.216667
"826","Antíparos Greece",36.9943528,25.048208216068815
"827","Piteå Sweden",65.3134652,21.4900252
"828","Jince Czech Republic",49.7862374,13.9786735
"829","Nyköping Sweden",58.7545409,17.0120656
"830","Haguenau France",48.8172236,7.7885978
"831","Vallauris France",43.5761001,7.05859
"832","Forbach France",49.1862822,6.8958562
"833","Ruukki Finland",64.6634837,25.098787
"834","Gaïtánion Greece",37.798930,20.836570
"835","Ronneby Sweden",56.3,15.283333
"836","Turku Finland",60.4517531,22.2670522
"837","Dordrecht Netherlands",51.814429,4.6692438
"838","Åhus Sweden",55.9235165,14.2955222
"839","Petrovice u Karviné Czech Republic",49.8940484,18.550352
"840","Svenljunga Sweden",57.483333,13.1
"841","Mégara Greece",37.9965887,23.3445017
"842","Fontenay-sous-Bois France",48.8490721,2.4749347
"843","Livádion Greece",36.6009104,24.9392957
"844","Beverwijk Netherlands",52.4857561,4.6578632
"845","Dobratice Czech Republic",49.6603922,18.4922636
"846","Heemstede Netherlands",52.3528406,4.6217323
"847","Hrochův Týnec Czech Republic",49.9594637,15.9105428
"848","Bonneuil-sur-Marne France",48.7737116,2.4869009
"849","Helsingborg Sweden",56.0442098,12.703706
"850","Bålsta Sweden",59.5682102,17.5293647
"851","Akademija (Kaunas) Lithuania",54.8953814,23.8238007
"852","Nora Sweden",59.533333,15.016667
"853","Vingåker Sweden",59.066667,15.883333
"854","Tužno Croatia",46.2540324,16.2376122
"855","Alvesta Sweden",56.9166599,14.4998825
"856","Líně Czech Republic",49.693649,13.2571632
"857","Bergerac France",44.8534568,0.487531
"858","Katrineholm Sweden",58.9959119,16.2062225
"859","Lestijärvi Finland",63.5245085,24.6683036
"860","Gardawice Poland",50.110808,18.7921642
"861","Kozmice Czech Republic",49.82478,14.7960773
"862","Villejuif France",48.7921098,2.3633048
"863","Quetigny France",47.3125861,5.1162694
"864","Dubiecko Poland",49.8253187,22.3916222
"865","Piła Poland",53.1511324,16.7380343
"866","Leśnica Poland",50.4285562,18.1849929
"867","Courtaboeuf France",48.6876327,2.2234398
"868","Strängnäs Sweden",59.3763155,17.0268194
"869","Porto Alto Portugal",38.9221011,-8.8816804
"870","Budapest Hungary",47.4978789,19.0402383
"871","Laagri Estonia",59.3504956,24.6050702
"872","Lovrenc na Pohorju Slovenia",46.5413597,15.3885739
"873","Ratíškovice Czech Republic",48.9197267,17.1657321
"874","Paris 10 France",48.8588897,2.3200410217200766
"875","Chilly-Mazarin France",48.7026161,2.3123582
"876","Nové Město pod Smrkem Czech Republic",50.9254734,15.2299746
"877","Eindhoven Netherlands",51.4392648,5.478633
"878","Sevilla Spain",37.3886303,-5.9953403
"879","Orléans France",47.9027336,1.9086066
"880","Oslo Norway",59.9133301,10.7389701
"881","Strenči Latvia",57.6278347,25.6859132
"882","Stockholm Sweden",59.3251172,18.0710935
"883","Seixezelo Portugal",41.0340746,-8.5534641
"884","Quimper France",47.9960325,-4.1024782
"885","Venta Lithuania",56.18981,22.68876
"886","Getafe Spain",40.3070639,-3.7331808
"887","Neochóri Greece",41.5110216,26.4603259
"888","Bairro de Santo António Portugal",38.5747092,-7.8771114
"889","Skänninge Sweden",58.3955804,15.0867705
"890","Psychikó Greece",38.0130854,23.772085
"891","Almeria Spain",36.8414197,-2.4628135
"892","Vimieiro Portugal",41.500924600000005,-8.464103579662138
"893","Gävle Sweden",60.6750132,17.1467019
"894","Villejuif France",48.7921098,2.3633048
"895","Žrnovnica Croatia",43.5198164,16.5485466
"896","Storuman Sweden",65.4,16.416667
"897","Uppsala Sweden",59.8586126,17.6387436
"898","Vrbovec Croatia",45.8856479,16.4181159
"899","Vikbolandet Sweden",60.1539018,16.8172768
"900","Lipník nad Bečvou Czech Republic",49.5273114,17.5861035
"901","Marteleira Portugal",39.2169426,-9.2793015
"902","Kelmė Lithuania",55.6294679,22.9313095
"903","Hengelo Netherlands",52.2658726,6.7924049
"904","Tabasalu Estonia",59.4280892,24.5417028
"905","Kista Sweden",59.403311,17.9442849
"906","Borås Sweden",57.7210839,12.9407407
"907","Zambujeira Portugal",37.6466734,-8.4625458
"908","Trollhättan Sweden",58.2827931,12.2908612
"909","Perho Finland",63.214438,24.4196234
"910","Paris 03 France",48.8588897,2.3200410217200766
"911","Kavallári Greece",40.7137161,23.0449194
"912","Lleida Spain",41.6147605,0.6267842
"913","Wasquehal France",50.6691577,3.1312447
"914","Avelinha Portugal",40.736740,-7.821370
"915","Peras Ruivas Portugal",39.6527931,-8.5435833
"916","Carregado Portugal",39.0056153,-8.953954007572628
"917","Santa Cruz do Bispo Portugal",41.217040749999995,-8.675064594639554
"918","Morje Slovenia",46.4439778,15.6220453
"919","Kraljevica Croatia",45.2741319,14.5688736
"920","Arles France",43.6776223,4.6309653
"921","Vónitsa Greece",38.9184883,20.8893237
"922","Rungis France",48.7484048,2.3472665
"923","Örnsköldsvik Sweden",63.2888613,18.7160209
"924","Chãos Portugal",37.9544246,-8.8349445
"925","Evxinoúpolis Greece",39.1824605,22.739195
"926","Bourg-en-Bresse France",46.2051192,5.2250324
"927","Cergy-Pontoise France",49.0527528,2.0388736
"928","Xilópolis Greece",40.9278482,23.1729361
"929","Grijó Portugal",41.5027019,-6.9761157
"930","Tukums Latvia",56.9669816,23.1524528
"931","Corvite Portugal",41.474572300000005,-8.315207906937474
"932","Grosuplje Slovenia",45.9571788,14.6554806
"933","Dubá Czech Republic",50.5403416,14.5402337
"934","Girona Spain",41.9793006,2.8199439
"935","Porta Portugal",41.2915115,-8.1392054
"936","Umeå Sweden",63.8256568,20.2630745
"937","Wirral United Kingdom",53.3409714,-3.0500916
"938","Rio Meão Portugal",40.9581668,-8.5826133
"939","Saint-Brieuc France",48.5141134,-2.7603283
"940","Stockholm Sweden",59.3251172,18.0710935
"941","Valongo Portugal",41.1909794,-8.4980511
"942","Áyioi Apóstoloi Greece",39.1557555,23.1883621
"943","Nacka Sweden",59.3120997,18.2073591
"944","Tromsø Norway",69.6516345,18.9558585
"945","Zouparria do Monte Portugal",40.2901203,-8.4386747
"946","Rízoma Greece",41.1535183,25.351362
"947","Hallstahammar Sweden",59.6178282,16.2301266
"948","Solna Sweden",59.361367,18.0013693
"949","Kerkrade Netherlands",50.874908899999994,6.0593852849074565
"950","Hroznětín Czech Republic",50.3093974,12.8718012
"951","Rietavas Lithuania",55.7229408,21.9270804
"952","Chur Switzerland",46.854747,9.5264904
"953","Albacete Spain",38.9950921,-1.8559154
"954","Vale de Figueira Portugal",39.3147111,-8.6263487
"955","Épinal France",48.1747684,6.4503643
"956","Markaryd Sweden",56.55,13.6
"957","Seara Portugal",41.734539,-8.620222
"958","Oslo Norway",59.9133301,10.7389701
"959","Orissaare Estonia",58.55855755,23.077268109331477
"960","Borås Sweden",57.7210839,12.9407407
"961","Timrå Sweden",62.4922058,17.2995411
"962","Svenljunga Sweden",57.483333,13.1
"963","Poljčane Slovenia",46.3139295,15.5783963
"964","Liljendal Finland",60.5745031,26.0535123
"965","Ochla Poland",51.7780396,17.241081
"966","Dubrava Croatia",45.8374443,16.5381593
"967","Carvalhos Portugal",41.471003,-8.5953029
"968","Náklo Czech Republic",49.6548279,17.1315608
"969","Golina Poland",52.24276,18.09534
"970","Värnamo Sweden",57.184902,14.0410977
"971","Madona Latvia",56.8517467,26.2184769
"972","Omišalj Croatia",45.2108673,14.5564902
"973","Skien Norway",59.2662883,9.531135447537467
"974","Elverum Norway",60.97280245,11.734442073482581
"975","Blois France",47.5876861,1.3337639
"976","Jelcz Poland",51.0203892,17.3170057
"977","Kyllíni Greece",37.9391027,22.3957984
"978","Fažana Croatia",44.9273327,13.8050769
"979","Lappi Finland",67.6923521,26.729968325939534
"980","Borucin Poland",51.8096102,17.8213127
"981","Lysekil Sweden",58.3965726,11.4196339
"982","Santa Luzia Portugal",32.6565415,-16.9033535
"983","Węgorzyno Poland",53.5411822,15.5602398
"984","Volary Czech Republic",48.9095977,13.8883971
"985","Trelleborg Sweden",55.37592,13.1461522
"986","Uppsala Sweden",59.8586126,17.6387436
"987","Água Levada Portugal",41.368879,-8.5946397
"988","Solna Sweden",59.361367,18.0013693
"989","Sierakowice Poland",54.345194,17.8935576
"990","Łęczyce Poland",54.5929285,17.8601132
"991","Gowarczów Poland",51.2784974,20.438142
"992","Passagem Portugal",39.8768741,-8.9530105
"993","Nowosielce-Gniewosz Poland",49.562383,22.0856166
"994","Néa Sánta Greece",40.842266,22.9204109
"995","Metlika Slovenia",45.6501029,15.3174483
"996","Kybartai Lithuania",54.6425435,22.7511743
"997","Příbor Czech Republic",49.6401091,18.1438062
"998","Melun France",48.539927,2.6608169
"999","Brijest Croatia",45.5213281,18.6762902
"1000","Hodoš Slovenia",46.8259935,16.3261154
"1001","Cova da Iria Portugal",32.6749802,-16.8420733
"1002","Marianowo Poland",52.4258333,18.2669444
"1003","Lameira Portugal",40.964124,-8.0329021
"1004","Wojcieszków Poland",51.769415,22.3156679
"1005","Askim Norway",59.5832224,11.1641908
"1006","Saint-Grégoire France",48.1524129,-1.685398
"1007","Stanisław Dolny Poland",49.9037491,19.6566576
"1008","Ostrožská Lhota Czech Republic",48.9769843,17.4685218
"1009","Orvalho Portugal",40.0223992,-7.7902645
"1010","Drawsko Pomorskie Poland",53.5310786,15.8134179
"1011","Borås Sweden",57.7210839,12.9407407
"1012","Gąsocin Poland",52.7377277,20.7156977
"1013","Palma De Mallorca Spain",39.5695818,2.6500745
"1014","Vierzon France",47.2217489,2.0691421
"1015","Enskede Sweden",59.273556799999994,18.070397102806503
"1016","Igreja Portugal",41.7049375,-8.8048503
"1017","Asíni Greece",36.7942102,21.9423768
"1018","Łęczyce Poland",54.5929285,17.8601132
"1019","Mýrina Greece",39.8754188,25.0634491
"1020","Merton United Kingdom",51.41086985,-0.18809708858824303
"1021","Kęty Poland",49.8817723,19.2302036
"1022","Quinta da Torre Portugal",38.7951123,-9.396203399319678
"1023","Rokitno Poland",50.4757235,23.7829242
"1024","Tupesy Czech Republic",49.0842692,17.3698271
"1025","Quinta de Valadares Portugal",38.6075199,-9.1679988
"1026","Kranjska Gora Slovenia",46.485132,13.7843957
"1027","São Pedro Portugal",38.66205585,-27.241963696252256
"1028","Valongo Portugal",41.1909794,-8.4980511
"1029","Abade de Vermoim Portugal",41.3949047,-8.492910442542847
"1030","La Roche-sur-Yon France",46.6705431,-1.4269698
"1031","Massy France",49.6902106,1.399492
"1032","Kunčice pod Ondřejníkem Czech Republic",49.5432079,18.2747022
"1033","Turku Finland",60.4517531,22.2670522
"1034","Bjuv Sweden",56.0856449,12.9139805
"1035","Oslo Norway",59.9133301,10.7389701
"1036","Iłowo -Osada Poland",53.1669769,20.2976146
"1037","Degeberga Sweden",55.8371511,14.0892635
"1038","Baborów Poland",50.1563566,17.9859393
"1039","Dobřany Czech Republic",49.6554407,13.2908386
"1040","Göteborg Sweden",57.7072326,11.9670171
"1041","Plewiska Poland",52.3665196,16.809783
"1042","Saint-Quentin-en-Yvelines France",48.7818613,2.015952118728746
"1043","Klippan Sweden",56.15,13.166667
"1044","Lidingö Sweden",59.3669445,18.1820897
"1045","Vale de Figueira Portugal",39.3147111,-8.6263487
"1046","Balma France",43.6096587,1.4980089
"1047","Milówka Poland",49.5576572,19.0877284
"1048","Jelcz Poland",51.0203892,17.3170057
"1049","Pokój Poland",50.9014642,17.8382418
"1050","Przybyszówka Poland",50.0519392,21.9405094
"1051","Lipka Poland",53.49578,17.25017
"1052","Sunja Croatia",45.3685896,16.5669642
"1053","Ljutomer Slovenia",46.5187046,16.1967404
"1054","Göteborg Sweden",57.7072326,11.9670171
"1055","Hämeenkoski Finland",60.99064535,25.14410604791156
"1056","Telč Czech Republic",49.1847652,15.4524773
"1057","Loutráki Greece",37.9743673,22.9777228
"1058","Askim Norway",59.5832224,11.1641908
"1059","Särkisalo Finland",60.082858900000005,22.90042495844758
"1060","Orléans France",47.9027336,1.9086066
"1061","Januszkowice Poland",51.2218167,17.2403388
"1062","Orsay France",48.699184,2.187457
"1063","Lyon France",45.7578137,4.8320114
"1064","Tomelilla Sweden",55.5447478,13.9329289
"1065","Pyskowice Poland",50.3980823,18.6277201
"1066","Kwidzyn Poland",53.7204653,18.937464130662192
"1067","Szczerców Poland",51.3302964,19.1142823
"1068","Pasvalys Lithuania",56.0622706,24.3965741
"1069","Marisol Portugal",38.6023745,-9.1663372
"1070","Jagodnjak Croatia",45.7013956,18.5900646
"1071","Vlissingen Netherlands",51.49433865,3.415005767601362
"1072","Bromma Sweden",59.339769,17.9395411
"1073","Saint-Denis France",48.935773,2.3580232
"1074","Oslo Norway",59.9133301,10.7389701
"1075","Kuźnia Raciborska Poland",50.2007002,18.3105735
"1076","Stockholm Sweden",59.3251172,18.0710935
"1077","Jeseník Czech Republic",50.2296385,17.2046012
"1078","Vallauris France",43.5761001,7.05859
"1079","Jablonec nad Jizerou Czech Republic",50.70344,15.4295952
"1080","Banho e Carvalhosa Portugal",41.2439665,-8.1556391
"1081","Nová Cerekev Czech Republic",49.4172344,15.1167459
"1082","Montluçon France",46.3400296,2.6073963
"1083","Saint-Marcellin France",45.1539715,5.320347
"1084","Brněnec Czech Republic",49.6274044,16.5218286
"1085","Blois France",47.5876861,1.3337639
"1086","Libušín Czech Republic",50.1637831,14.05068382680738
"1087","Baligród Poland",49.3367963,22.2866341
"1088","Carcassonne France",43.2130358,2.3491069
"1089","Xylókastro Greece",38.078321,22.6330434
"1090","Eindhoven Netherlands",51.4392648,5.478633
"1091","Velké Němčice Czech Republic",48.9945743,16.6746562
"1092","Paris 13 France",48.8196076,2.3644444
"1093","Marseille France",43.2961743,5.3699525
"1094","Valejas Portugal",38.7358278,-9.2679054
"1095","Utena Lithuania",55.4984381,25.6025772
"1096","Czchów Poland",49.8339446,20.6731487
"1097","Figueiró dos Vinhos Portugal",39.9024537,-8.2753006
"1098","Bakovci Slovenia",46.616762,16.1463388
"1099","Ytterby Sweden",57.8620261,11.9178422
"1100","Velké Pavlovice Czech Republic",48.9044074,16.8164581
"1101","Canhestros Portugal",38.0361462,-8.2871596
"1102","Zagreb Croatia",45.84264135,15.962231476593626
"1103","Chocz Poland",51.97514,17.8707
"1104","Cruz Portugal",41.443545,-8.4942266
"1105","Amorim Portugal",41.4081159,-8.749970233474574
"1106","Zlín Czech Republic",49.226766,17.6667415
"1107","Stockholm Sweden",59.3251172,18.0710935
"1108","Hénin-Beaumont France",50.4191721,2.9469339
"1109","Södertälje Sweden",59.1964289,17.6271663
"1110","Dióni Greece",38.0226846,23.9322105
"1111","Forshaga Sweden",59.533333,13.466667
"1112","Fontenay-sous-Bois France",48.8490721,2.4749347
"1113","Białaczów Poland",51.298466,20.2949544
"1114","Linköping Sweden",58.4098135,15.6245252
"1115","Albi France",43.9277552,2.147899
"1116","Oslo Norway",59.9133301,10.7389701
"1117","Moscavide Portugal",38.77490765,-9.103004701193806
"1118","Sandviken Sweden",60.6220108,16.7758649
"1119","Mogilany Poland",49.9413293,19.8877676
"1120","Milton United Kingdom",52.2422961,0.1604726
"1121","Dębowiec Poland",50.5963783,17.0836627
"1122","Paris 08 France",48.8588897,2.3200410217200766
"1123","Pantin France",48.8965023,2.4019804
"1124","Miřetice Czech Republic",49.8417761,15.8852911
"1125","Spétses Greece",37.25869575,23.139719118006756
"1126","Vaxholm Sweden",59.4012797,18.2594743
"1127","Nacka Sweden",59.3120997,18.2073591
"1128","Chalandrítsa Greece",38.1081346,21.7858533
"1129","Armenokhórion Greece",40.8017758,21.4393523
"1130","Guimarei Portugal",41.263588,-8.1101753
"1131","Moravský Krumlov Czech Republic",49.0492698,16.3115273
"1132","Vamvakoú Greece",39.3365201,22.4196922
"1133","Velenje Slovenia",46.3592869,15.1150301
"1134","Le Havre France",49.4938975,0.1079732
"1135","Skála Oropoú Greece",38.3210167,23.7906151
"1136","Nedašov Czech Republic",49.1077847,18.0703558
"1137","Čížkovice Czech Republic",50.4841791,14.0283943
"1138","Tríkala Greece",39.5560869,21.7678844
"1139","Kista Sweden",59.403311,17.9442849
"1140","Frösön Sweden",63.19304055,14.534364982941671
"1141","Örnsköldsvik Sweden",63.2888613,18.7160209
"1142","Semeljci Croatia",45.3603291,18.541815
"1143","Pelópion Greece",37.638487600000005,21.629969514569733
"1144","Haugesund Norway",59.46824785,5.082761213563481
"1145","Lyon France",45.7578137,4.8320114
"1146","Alkmaar Netherlands",52.600853799999996,4.817099446443963
"1147","Glinojeck Poland",52.819174,20.2862655
"1148","Amsterdam Westpoort Netherlands",52.3933601,4.794733
"1149","Siedleczka Poland",49.9637298,22.3771881
"1150","La Valette-du-Var France",43.1378245,5.9834654
"1151","Enskededalen Sweden",59.2817657,18.1054546
"1152","Sobral Portugal",39.01835,-9.15171
"1153","Uddevalla Sweden",58.3490555,11.9382855
"1154","Sete Cidades Portugal",37.85890905,-25.78756005633314
"1155","Fotolívos Greece",41.0611537,24.0452169
"1156","Quinta da Torre Portugal",38.7951123,-9.396203399319678
"1157","Budapest Hungary",47.4978789,19.0402383
"1158","Podwilk Poland",49.5435034,19.7310947
"1159","Oxelösund Sweden",58.666667,17.083056
"1160","Torre Portugal",40.3218294,-7.613819756097561
"1161","Kalej Poland",50.8384211,18.9869512
"1162","Stryszów Poland",49.825128,19.6261498
"1163","Montpellier France",43.6112422,3.8767337
"1164","Abelheira Portugal",38.9984901,-9.3237262
"1165","Passagem Portugal",39.8768741,-8.9530105
"1166","Pego Longo Portugal",38.772047,-9.2583223
"1167","Novi Zagreb Croatia",45.7765324,15.9720813
"1168","Luso Portugal",40.3839144,-8.3760251
"1169","Nantes France",47.2186371,-1.5541362
"1170","Maszewo Duże Poland",52.5771535,19.6339891
"1171","Wiśniewo Poland",53.5599184,19.8645912
"1172","Pacov Czech Republic",49.4707194,15.0036121
"1173","Ágios Vasíleios Greece",35.18690775,24.50320825362639
"1174","Kalmar Sweden",57.02784235,16.575102000807693
"1175","Kronoby Finland",63.7288259,23.0215188
"1176","Deskáti Greece",39.9263117,21.8085686
"1177","Lubowidz Poland",53.1216748,19.8407986
"1178","Tojal Portugal",38.7520542,-9.363696390172013
"1179","Ceuta Spain",35.89442195,-5.355817352394269
"1180","Stara Kornica Poland",52.1843042,22.9353174
"1181","Paderne Portugal",42.0888298,-8.2753654
"1182","Fradelos Portugal",41.3682305,-8.5986094
"1183","Skövde Sweden",58.3896329,13.8456344
"1184","Nieborów Poland",52.0710912,20.0702329
"1185","Bodø Norway",67.3094783,13.915441997137794
"1186","Nowy Dwór Mazowiecki Poland",52.434175749999994,20.706110418137545
"1187","Aizkraukle Latvia",56.6010778,25.2542544
"1188","Hässleholm Sweden",56.216667,13.733333
"1189","Marathókampos Greece",37.7272193,26.6895311
"1190","Albergaria Portugal",40.1695115,-8.4775053
"1191","Nowy Korczyn Poland",50.2994316,20.8090569
"1192","Paranho Portugal",41.3318779,-8.5463498
"1193","Jäppilä Finland",62.3772771,27.4334684
"1194","Kalmar Sweden",57.02784235,16.575102000807693
"1195","Beauvais France",49.4300997,2.0823355
"1196","Laliki Poland",49.5318,19.01387
"1197","Pinhal da Marquesa Portugal",38.5891077,-9.0066249
"1198","Mestre Italy",45.4943063,12.2418053
"1199","Uherský Brod Czech Republic",49.0253139,17.6464437
"1200","Niort France",46.3239233,-0.4646064
"1201","Calvos Portugal",41.59536805,-8.253526993301818
"1202","Rumburk Czech Republic",50.9517739,14.5569317
"1203","Długosiodło Poland",52.759577,21.5929004
"1204","Monte Redondo Portugal",41.8365439,-8.4515321
"1205","Chãos Portugal",37.9544246,-8.8349445
"1206","Firenze Italy",43.7697955,11.2556404
"1207","Dębno Poland",52.7396681,14.7014522
"1208","Krasnystaw Poland",50.99184805,23.165038002215837
"1209","Praszka Poland",51.05536,18.4485221
"1210","København Denmark",55.6867243,12.5700724
"1211","Paris 13 France",48.8196076,2.3644444
"1212","Sobotín Czech Republic",50.0117002,17.090751
"1213","Beltinci Slovenia",46.606936,16.2350217
"1214","Casal de São João Portugal",40.2098926,-8.7050987
"1215","Baška Voda Croatia",43.3585111,16.9487814
"1216","Panórama Greece",40.5867928,23.0316119
"1217","Krapina Croatia",46.1628028,15.8711133
"1218","Głogów Małopolski Poland",50.1511809,21.9627571
"1219","Bromma Sweden",59.339769,17.9395411
"1220","Punkaharju Finland",61.7561025,29.3892377
"1221","Quintãs Portugal",40.59100735,-8.612515560075536
"1222","Palmas De Gran Canaria, Las Spain",28.07458055,-15.45148206898348
"1223","Bludov Czech Republic",49.940833,16.9283927
"1224","Humpolec Czech Republic",49.5418861,15.3586709
"1225","Besançon France",47.2380222,6.0243622
"1226","Sandnes Norway",58.983132049999995,6.394641047340787
"1227","Trzebinia Poland",50.1597686,19.4709097
"1228","Farsta Sweden",59.2453471,18.0883657
"1229","Santo Amador Portugal",38.1363789,-7.3085897
"1230","Eskilstuna Sweden",59.3717379,16.5051474
"1231","La Garde France",45.0691999,6.0449399
"1232","Alcabideche Portugal",38.739751850000005,-9.40823198439682
"1233","Duas Igrejas Portugal",41.230974,-8.3772602
"1234","Fojo Portugal",40.2693989,-7.6813563
"1235","Lapa do Lobo Portugal",40.4746034,-7.9162792
"1236","Antwerp Belgium",51.2211097,4.3997081
"1237","Wrocław Poland",51.1089776,17.0326689
"1238","Lyon France",45.7578137,4.8320114
"1239","Antwerp Belgium",51.2211097,4.3997081
"1240","Wrocław Poland",51.1089776,17.0326689
"1241","Lyon France",45.7578137,4.8320114
"1242","Birmingham United Kingdom",52.4796992,-1.9026911
"1243","Göteborg Sweden",57.7072326,11.9670171